Brand,Title,Price
모즈모즈,[SET] 쿨링 메쉬 트레이닝 반팔 반바지 세트 블랙,"33,250원"
모즈모즈,컴포트 썸머 와이드 팬츠 브라운,"21,280원"
모즈모즈,워킹모즈 오버핏 피그먼트 반팔 티셔츠 블루,"24,950원"
모즈모즈,컴포트 썸머 와이드 팬츠 블랙,"20,480원"
모즈모즈,린넨 라이크 와이드 팬츠 카키,"30,270원"
모즈모즈,[SET] 그래픽 피그먼트 오버핏 반팔티셔츠 PART04,"36,260원"
모즈모즈,버뮤다 스타패치 사이드턱 스웨트 팬츠 블랙,"23,450원"
모즈모즈,뮤트 나일론 짐색 3COLOR,"19,950원"
모즈모즈,피그먼트 백스티치 오버핏 반팔티셔츠 챠콜,"24,950원"
모즈모즈,[2PACK] 컴포트 썸머 와이드 팬츠 6color,"40,570원"
모즈모즈,[SET] 그래픽 피그먼트 크롭&오버핏 반팔티셔츠 VOL.03,"45,220원"
모즈모즈,컴포트 썸머 와이드 팬츠 베이지,"21,280원"
모즈모즈,소프트 컬러포인트 라이트 체크셔츠 핑크,"29,930원"
모즈모즈,44%,[2PACK] 와이드 원턱 스웨트 쇼츠 세트
모즈모즈,스타패치 사이드턱 와이드 트레이닝팬츠 블랙,"27,930원"
모즈모즈,34%,[SET] 뒷절개 피그먼트 반팔+피그먼트 와이드 원턱 쇼츠 셋업
모즈모즈,컴포트 썸머 와이드 팬츠 챠콜,"21,280원"
모즈모즈,M-4XL 무지 사이드턱 와이드 트레이닝팬츠_4color,"28,540원"
모즈모즈,33%,[SET] 아치로고 오버핏 원턱 트레이닝쇼츠 셋업 백메란지
모즈모즈,소프트 베이직 라이트 체크셔츠 그레이,"29,930원"
모즈모즈,썸씽베이스 오버핏 피그먼트 반팔 티셔츠 핑크,"24,950원"
모즈모즈,컬러풀 코듀로이 스트링 와이드 팬츠 버건디,"32,590원"
모즈모즈,린넨 라이크 와이드 팬츠 블랙,"30,270원"
모즈모즈,[SET] 이지 나일론 반집업 반바지 셋업 연그레이,"46,550원"
모즈모즈,린넨 라이크 와이드 팬츠 브라운,"30,270원"
모즈모즈,컴포트 썸머 와이드 팬츠 블루,"21,280원"
모즈모즈,컬러풀 코듀로이 스트링 와이드 팬츠 브라운,"32,590원"
모즈모즈,소프트 컬러포인트 라이트 체크셔츠 카키,"29,930원"
나이키,민소매 티셔츠 M - 블랙:하이퍼 핑크 / IM6145-011,"59,000원"
베르만 어패럴,골지 헨리넥 머슬핏 반팔티셔츠 3color(와이드숄더),"42,600원"
미학,스폰서 로고 메쉬 저지 와이드 팬츠 (BLACK/RED),"54,600원"
드릭스,[SET-UP] 럭비 트랙 오버핏 메시 하프 셋업_3color,"63,900원"
아디다스,아디다스 리니어 그래픽 더플 백 스몰 KD2179,"45,000원"
데상트,스트레치 기모 안감 자켓 SQ323XJK91,"146,300원"
에이치덱스,액티브 쇼츠 8 color,"34,300원"
피지컬가먼츠,P5018 우먼 모달스판 카라 크롭반팔 [블랙],"20,700원"
베트랙트,에센셜 한자 베트 로고 오버핏 반팔티 화이트,"25,200원"
리복,샤크 사일로 티셔츠 - 블랙 / 100218846,"24,500원"
프리덤,에센셜 액티브 슬리브리스_2color,"36,000원"
헤링본,퀵드라이 여자 스포츠 쇼츠 런닝 헬스 수영 운동 반바지 (6color) / TJ603W,"31,900원"
본투윈,W BRN TANK BRA TOP [NAVY],"65,000원"
페르메논,스탠다드 PH 절개나시 - 아이보리,"28,410원"
몰든,에어리즈 슬리브리스,"21,040원"
룰루레몬,스쿠바 에볼브 클래식 풀집 후디 HCUG MRRS,"184,000원"
토런스,액티브 에어프레임 숏 슬리브 - Black,"48,000원"
블랙몬스터핏,쿨 매쉬 럭비 오버핏 저지 롱슬리브 (BLACK) / BM260128,"34,110원"
무신사 스탠다드 스포츠,[쿨탠다드] 플렉스 6인치 쇼츠 (3color),"29,640원"
아디다스,하이퍼글램 우븐 쇼츠 IT4665,"40,500원"
드릭스,[2PACK] 피그먼트 머슬핏 반팔 티셔츠_11color,"39,300원"
나이키,브라질리아 더플백 9.5(41L) - 블랙:화이트 / DM3976-010,"49,000원"
에이치덱스,메인 스몰 로고 슬리브리스 (Black),"35,100원"
피지컬가먼츠,P5069 우먼 레이어드 와이드팬츠 [3COLOR],"44,550원"
베르만 어패럴,와플 헨리넥 머슬핏 반팔 티셔츠 2color(와이드숄더),"43,800원"
본투윈,SIDE B LOGO HALF PANTS [BLACK],"75,050원"
나이키,드라이 핏 폼 7인치 언라인드 버서타일 쇼츠 M - 스모크 그레이:블랙 / DV9858-084,"44,550원"
드릭스,메시 사이드 턱 글로시 버뮤다 쇼츠_네이비,"33,800원"
에이치덱스,우먼스 베트라 팬츠 (Black),"58,580원"
나이키,드라이 핏 ADV 클럽 스트럭처 스우시 캡 - 블랙:화이트 / FB5636-010,"39,000원"
나스,블러쉬,"43,350원"
프레시안,프레시안 에그라이크 크림 블러쉬,"17,480원"
브이디엘,VDL 치크스테인 블러셔,"17,250원"
어바웃톤,스킨 레이어 핏 블러셔(20colors),"13,300원"
삐아,레디 투 웨어 다우니 치크(14colors),"8,550원"
센슬,센슬 타임 블러쉬,"18,070원"
네이밍,블러리 치크밤,"17,100원"
누그레이,세모탭 치크,"12,400원"
릴리바이레드,러브빔 치크밤,"12,900원"
글맆,휴 스프레드 스틱,"16,920원"
